Judetown,57,72051,Jast Hollow
Ortiztown,86,54566,Susannah Orchard
East Georgene,39,21747,Olson Plaza
Boylechester,49,24766,Minta Islands
VonRuedenmouth,63,33866,West Lakes
Lake Wayne,7,76261,Alycia Union
East Gilmafort,27,20393,Ronnie Crest
West Scott,34,90293,Kunze Loaf
North Ollie,7,96169,Daniel Ridges
East Jamila,57,55993,Abernathy Neck
Prestonfurt,48,81277,Pacocha Curve
West Aliview,66,36787,Trevor Mall
Brakusberg,64,61759,Gleichner Pike
North Briannaland,56,84116,Sam Vista
South Nathanialtown,30,15052,Gleason Estates
Olenberg,13,53273,Schmitt Valley
Sipeschester,45,47275,Wehner Drive
Berthatown,88,14039,Schmidt Villages
Whitemouth,54,90006,Nader Place
South Krisburgh,44,96477,Erdman Wells
Wadeburgh,36,78472,Elbert Rest
Lake Zachery,46,22655,Turner Falls
Jaimeborough,22,42495,Littel Course
North Donn,41,48539,Durgan Common
North Thi,27,61000,Goyette Stravenue
Hickleton,78,80606,Carrol Cove
Andersonberg,78,62271,Shellie Dam
Georgiannabury,58,59751,Batz Viaduct
Marshaport,76,62412,Beatty Crescent
Port Charlotte,51,68678,Sheryl Haven
