Source 1 for reservation system with id 1,Restaurace
Source 2 for reservation system with id 1,Sportoviste
Source 3 for reservation system with id 1,Sportoviste
Source 1 for reservation system with id 2,Hospoda
Source 1 for reservation system with id 3,Prostor vykonavani sluzeb
Source 2 for reservation system with id 3,Restaurace
Source 3 for reservation system with id 3,Sportoviste
Source 4 for reservation system with id 3,Restaurace
Source 1 for reservation system with id 4,Divadelni kino sal
Source 2 for reservation system with id 4,Prostor vykonavani sluzeb
Source 3 for reservation system with id 4,Restaurace
Source 4 for reservation system with id 4,Sportoviste
Source 1 for reservation system with id 5,Divadelni kino sal
Source 2 for reservation system with id 5,Sportoviste
Source 3 for reservation system with id 5,Hospoda
Source 1 for reservation system with id 6,Prostor vykonavani sluzeb
Source 2 for reservation system with id 6,Sportoviste
Source 3 for reservation system with id 6,Restaurace
Source 4 for reservation system with id 6,Divadelni kino sal
Source 1 for reservation system with id 7,Sportoviste
Source 2 for reservation system with id 7,Prostor vykonavani sluzeb
Source 3 for reservation system with id 7,Sportoviste
Source 4 for reservation system with id 7,Prostor vykonavani sluzeb
Source 1 for reservation system with id 8,Sportoviste
Source 2 for reservation system with id 8,Hospoda
Source 1 for reservation system with id 9,Prostor vykonavani sluzeb
Source 2 for reservation system with id 9,Prostor vykonavani sluzeb
Source 3 for reservation system with id 9,Restaurace
Source 1 for reservation system with id 10,Divadelni kino sal
Source 2 for reservation system with id 10,Prostor vykonavani sluzeb